[
  {
    "model": "deployments.EmergencyProjectActivitySector",
    "pk": "1",
    "fields": {
      "title": "Health",
      "order": 1
    }
  },
  {
    "model": "deployments.EmergencyProjectActivitySector",
    "pk": "2",
    "fields": {
      "title": "Shelter",
      "order": 2
    }
  },
  {
    "model": "deployments.EmergencyProjectActivitySector",
    "pk": "3",
    "fields": {
      "title": "Cash & Voucher Assistance",
      "order": 3
    }
  },
  {
    "model": "deployments.EmergencyProjectActivitySector",
    "pk": "4",
    "fields": {
      "title": "Education",
      "order": 4
    }
  },
  {
    "model": "deployments.EmergencyProjectActivitySector",
    "pk": "5",
    "fields": {
      "title": "Food Security and Livelihoods",
      "order": 5
    }
  },
  {
    "model": "deployments.EmergencyProjectActivitySector",
    "pk": "6",
    "fields": {
      "title": "WASH",
      "order": 6
    }
  },
  {
    "model": "deployments.EmergencyProjectActivitySector",
    "pk": "7",
    "fields": {
      "title": "Protection, Gender & Inclusion",
      "order": 7
    }
  },
  {
    "model": "deployments.EmergencyProjectActivitySector",
    "pk": "8",
    "fields": {
      "title": "Migration",
      "order": 8
    }
  },
  {
    "model": "deployments.EmergencyProjectActivitySector",
    "pk": "9",
    "fields": {
      "title": "Community Engagement & Accountability",
      "order": 9
    }
  },
  {
    "model": "deployments.EmergencyProjectActivitySector",
    "pk": "10",
    "fields": {
      "title": "MHPSS",
      "order": 10
    }
  },
  {
    "model": "deployments.EmergencyProjectActivityAction",
    "pk": "1",
    "fields": {
      "title": "Shelter repair",
      "sector": 2,
      "order": 1,
      "has_location": true
    }
  },
  {
    "model": "deployments.EmergencyProjectActivityAction",
    "pk": "2",
    "fields": {
      "title": "Emergency shelter assistance",
      "sector": 2,
      "order": 2,
      "description": "Refers to assistance in reconstruction or construction of shelter",
      "has_location": true
    }
  },
  {
    "model": "deployments.EmergencyProjectActivityAction",
    "pk": "3",
    "fields": {
      "title": "Basic household items distribution",
      "sector": 2,
      "order": 3,
      "has_location": true
    }
  },
  {
    "model": "deployments.EmergencyProjectActivityAction",
    "pk": "4",
    "fields": {
      "title": "Cash or voucher for shelter",
      "sector": 2,
      "order": 4,
      "description": "To include host, rental and cash for work for shelter and settlements"
    }
  },
  {
    "model": "deployments.EmergencyProjectActivityAction",
    "pk": "5",
    "fields": {
      "title": "Collective shelter support",
      "sector": 2,
      "order": 5,
      "description": "Support provided to, and management of collective or reception centers, and also activities facilitating hosting at families",
      "has_location": true
    }
  },
  {
    "model": "deployments.EmergencyProjectActivityAction",
    "pk": "6",
    "fields": {
      "title": "Multi-purpose cash (unconditional)",
      "sector": 3,
      "order": 1,
      "description": "Organise CVA distributions for basic needs in a timely, secured and accountable way"
    }
  },
  {
    "model": "deployments.EmergencyProjectActivityAction",
    "pk": "7",
    "fields": {
      "title": "Multi-purpose voucher (unconditional)",
      "sector": 3,
      "order": 2
    }
  },
  {
    "model": "deployments.EmergencyProjectActivityAction",
    "pk": "8",
    "fields": {
      "title": "Education support for children, adolescents, and young adults",
      "sector": 4,
      "order": 1,
      "has_location": true,
      "description": "Awareness sessions and trainings for educacional purposes. Support in homework, language and literacy etc."
    }
  },
  {
    "model": "deployments.EmergencyProjectActivityAction",
    "pk": "9",
    "fields": {
      "title": "Education supplies, kits, or equipment distribution for children, adolescents and young adults",
      "sector": 4,
      "order": 2,
      "description": "Children kits, equipment for schools"
    }
  },
  {
    "model": "deployments.EmergencyProjectActivityAction",
    "pk": "10",
    "fields": {
      "title": "Education spaces constructed or rehabilitation",
      "sector": 4,
      "order": 3,
      "description": "Refers to Rehabilitation of Educational Facilities",
      "has_location": true
    }
  },
  {
    "model": "deployments.EmergencyProjectActivityAction",
    "pk": "11",
    "fields": {
      "title": "Food distribution (in-kind)",
      "sector": 5,
      "order": 1,
      "description": "Physical food distributions only. Note that cash or vouchers that are intended to cover food needs would either be reported as multi-purpose cash; or as conditional cash or voucher for food security",
      "has_location": true
    }
  },
  {
    "model": "deployments.EmergencyProjectActivityAction",
    "pk": "12",
    "fields": {
      "title": "Cash or voucher for food security and livelihoods",
      "sector": 5,
      "order": 2,
      "description": "Conditional CVA: for food security, or livelihoods protection / recovery / strengthening etc. For agricultural livelihoods, income generation, small business etc",
      "has_location": true
    }
  },{
    "model": "deployments.EmergencyProjectActivityAction",
    "pk": "13",
    "fields": {
      "title": "In-kind support for food security & livelihoods",
      "sector": 5,
      "order": 3,
      "description": "Inputs, materials, or tools distribution (in-kind). For agricultural livelihoods, income generation, small business etc",
      "has_location": true
    }
  },

  {
    "model": "deployments.EmergencyProjectActivityAction",
    "pk": "14",
    "fields": {
      "title": "Essential services, information, or training for food security & livelihoods",
      "sector": 5,
      "order": 4,
      "description": "For agricultural production, income generation / small business, employment. Includes services, referrals & training related to employability & labour markets"
    }
  },
  {
    "model": "deployments.EmergencyProjectActivityAction",
    "pk": "15",
    "fields": {
      "title": "First aid",
      "sector": 1,
      "order": 1,
      "description": "Refers to number of volunteers/staff that have completed FA training and/or people who have received first aid treatment"
    }
  },
  {
    "model": "deployments.EmergencyProjectActivityAction",
    "pk": "16",
    "fields": {
      "title": "First aid training",
      "sector": 1,
      "order": 2,
      "description": "Refers to first aid training course run"
    }
  },
  {
    "model": "deployments.EmergencyProjectActivityAction",
    "pk": "17",
    "fields": {
      "title": "Primary healthcare, mobile or stationary clinics",
      "sector": 1,
      "order": 3,
      "description": "Refers to any static or mobile set up that provides a PHC activity",
      "has_location": true
    }
  },
  {
    "model": "deployments.EmergencyProjectActivityAction",
    "pk": "18",
    "fields": {
      "title": "Search and rescue",
      "sector": 1,
      "order": 4,
      "description": "Activities to  co-ordinate initial medical assistance or medical evacuation, through the use of public and private resources",
      "has_location": true
    }
  },
  {
    "model": "deployments.EmergencyProjectActivityAction",
    "pk": "19",
    "fields": {
      "title": "Health promotion, disease prevention",
      "sector": 1,
      "order": 5,
      "description": "Refers to activities that come under the definition of health promotion/behaviour change that reduces the risk of disease or injury - can inlcude immunisation related activities, health education and training to volunteers which can mobilise them to implement health promotion related activities",
      "has_location": true
    }
  },
  {
    "model": "deployments.EmergencyProjectActivityAction",
    "pk": "20",
    "fields": {
      "title": "Hygiene promotion",
      "sector": 6,
      "order": 1,
      "description": "Activities meant to secure feedback on WASH facilities, encourage people to use them or other activities meant to improve hygiene behaviour",
      "has_location": true
    }
  },
  {
    "model": "deployments.EmergencyProjectActivityAction",
    "pk": "21",
    "fields": {
      "title": "Hygiene supply distribution",
      "sector": 6,
      "order": 2,
      "description": "Hygiene items such as soap, toothbrush, menstrual hygiene etc",
      "has_location": true
    }
  },
  {
    "model": "deployments.EmergencyProjectActivityAction",
    "pk": "22",
    "fields": {
      "title": "Water source improvements",
      "sector": 6,
      "order": 3,
      "description": "Activities to increase water reliability, quanitiry or quantity or those that reduce distance to water supplies",
      "has_location": true
    }
  },
  {
    "model": "deployments.EmergencyProjectActivityAction",
    "pk": "23",
    "fields": {
      "title": "Water treatment facilities contruction/rehabilitation",
      "sector": 6,
      "order": 4,
      "description": "Permanent infrastructure or emergency units",
      "has_location": true
    }
  },
  {
    "model": "deployments.EmergencyProjectActivityAction",
    "pk": "24",
    "fields": {
      "title": "Water treatment supply distribution",
      "sector": 6,
      "order": 5,
      "description": "Tablets and filtration devices and activities to ensure their use",
      "has_location": true
    }
  },
  {
    "model": "deployments.EmergencyProjectActivityAction",
    "pk": "25",
    "fields": {
      "title": "Water distribution",
      "sector": 6,
      "order": 6,
      "description": "Delivery of water by pipeline or trucking ",
      "has_location": true
    }
  },
  {
    "model": "deployments.EmergencyProjectActivityAction",
    "pk": "26",
    "fields": {
      "title": "Handwashing facilities construction/rehabilitation",
      "sector": 6,
      "order": 7,
      "description": "Permanent or temporary facilities, including hand sanitizer or water and soap",
      "has_location": true
    }
  },
  {
    "model": "deployments.EmergencyProjectActivityAction",
    "pk": "27",
    "fields": {
      "title": "Toilet facilities construction/rehabilitation",
      "sector": 6,
      "order": 8,
      "description": "Simple pit latrines, communal or family toilets",
      "has_location": true
    }
  },
  {
    "model": "deployments.EmergencyProjectActivityAction",
    "pk": "28",
    "fields": {
      "title": "Restoring family links",
      "sector": 7,
      "order": 1,
      "description": "Hotlines, materials and staff/volunteer support to restore links with families"
    }
  },
  {
    "model": "deployments.EmergencyProjectActivityAction",
    "pk": "29",
    "fields": {
      "title": "Child-friendly spaces",
      "sector": 7,
      "order": 2,
      "description": "Set up CFS, procure materials for activities with Children,CP activities, trainings and IEC awareness materials"
    }
  },
  {
    "model": "deployments.EmergencyProjectActivityAction",
    "pk": "30",
    "fields": {
      "title": "Specialised programme preventing or responding to violence",
      "sector": 7,
      "order": 3,
      "description": "E.g. SGBV programming & dignity kit ditribution"
    }
  },
  {
    "model": "deployments.EmergencyProjectActivityAction",
    "pk": "31",
    "fields": {
      "title": "Referrals to case management/follow-up services",
      "sector": 7,
      "order": 4,
      "description": "Mapping of services, provide trainings on safe referrals. Identify and evaluate needs for referralsTo include health,social services, protection but not legal migration referrals"
    }
  },
  {
    "model": "deployments.EmergencyProjectActivityAction",
    "pk": "32",
    "fields": {
      "title": "Prevention of Sexual Exploitation & Abuse & Child safeguarding SOPs, policies & training",
      "sector": 7,
      "order": 5,
      "description": "IEC awareness materials, SOPs, provide survivor centered approach, mapping of services"
    }
  },
  {
    "model": "deployments.EmergencyProjectActivityAction",
    "pk": "33",
    "fields": {
      "title": "Transportation / evacuation of people",
      "sector": 8,
      "order": 1
    }
  },
  {
    "model": "deployments.EmergencyProjectActivityAction",
    "pk": "34",
    "fields": {
      "title": "Establishing humanitarian service points / safe service provision/distribution points",
      "sector": 8,
      "order": 2,
      "has_location": true
    }
  },
  {
    "model": "deployments.EmergencyProjectActivityAction",
    "pk": "35",
    "fields": {
      "title": "Support / accompaniment in official procedures ",
      "sector": 8,
      "order": 3,
      "description": "Migration, temporary protection, asylum, healthcare",
      "has_location": true
    }
  },
  {
    "model": "deployments.EmergencyProjectActivityAction",
    "pk": "36",
    "fields": {
      "title": "Community centers/multifunctional centres, integration services",
      "sector": 8,
      "order": 4,
      "has_location": true
    }
  },
  {
    "model": "deployments.EmergencyProjectActivityAction",
    "pk": "37",
    "fields": {
      "title": "CEA training for staff & volunteers",
      "sector": 9,
      "order": 1,
      "description": "Standalone CEA trainings, or sectoral trainings including CEA sessions",
      "has_location": true
    }
  },
  {
    "model": "deployments.EmergencyProjectActivityAction",
    "pk": "38",
    "fields": {
      "title": "Information sharing/awareness raising",
      "sector": 9,
      "order": 2,
      "description": "materials and/or activities",
      "has_location": true
    }
  },
  {
    "model": "deployments.EmergencyProjectActivityAction",
    "pk": "39",
    "fields": {
      "title": "Community complaints and feedback mechanisms",
      "sector": 9,
      "order": 3,
      "description": "Systems in place to receive feedback and complaints, respond appropriately, and use feedback to inform planning and adaptation",
      "has_location": true
    }
  },
  {
    "model": "deployments.EmergencyProjectActivityAction",
    "pk": "40",
    "fields": {
      "title": "Perception or satisfaction survey",
      "sector": 9,
      "order": 4,
      "description": "Surveys gauge people's understanding of the crisis and/or satisfaction with Movement services - satisfaction can be incorporated in Post Distribution Monitoring"
    }
  },
  {
    "model": "deployments.EmergencyProjectActivityAction",
    "pk": "41",
    "fields": {
      "title": "Rumour tracking",
      "sector": 9,
      "order": 5,
      "description": "Systems in place to understand rumours circulating in communities - in person or online"
    }
  },
  {
    "model": "deployments.EmergencyProjectActivityAction",
    "pk": "42",
    "fields": {
      "title": "Mental health and psychosocial services",
      "sector": 10,
      "order": 1
    }
  },

  {
    "model": "deployments.EmergencyProjectActivityActionSupply",
    "pk": "1",
    "fields": {
      "title": "First aid kits",
      "action": 1,
      "order": 1
    }
  },
  {
    "model": "deployments.EmergencyProjectActivityActionSupply",
    "pk": "2",
    "fields": {
      "title": "Medicines",
      "action": 1,
      "order": 2
    }
  },
  {
    "model": "deployments.EmergencyProjectActivityActionSupply",
    "pk": "3",
    "fields": {
      "title": "Pre-natal vitamins",
      "action": 1,
      "order": 3
    }
  }
]
